{
    "font_size": 11.26,
    "alignment": 0,
    "line_spacing": 10870.77205882353,
    "space_before": 5.711538461538462,
    "space_after": 0.0033333333333333335,
    "left_indent": 73.9225,
    "right_indent": 11.158333333333333,
    "first_line_indent": -12.817857142857143
}